Q8,Q23_5,Q23_23,Q23_24,Q23_25,Q23_26,Q23_27,Q23_28,Q23_29,Q23_30,Q23_31,Q23_32,Q23_33,Q23_34,Q23_35,Q23_36,Q23_37,Q23_38,Q23_39,Q23_40,Q23_42,Q9_5,Q9_23,Q9_24,Q9_25,Q9_26,Q9_27,Q9_28,Q9_29,Q9_30,Q9_31,Q9_32,Q9_33,Q9_34,Q9_35,Q9_36,Q9_37,Q9_38,Q9_39,Q9_40,Q9_42,Q11_5,Q11_23,Q11_24,Q11_25,Q11_26,Q11_27,Q11_28,Q11_29,Q11_30,Q11_31,Q11_32,Q11_33,Q11_34,Q11_35,Q11_36,Q11_37,Q11_38,Q11_39,Q11_40,Q11_42,Q12_5,Q12_23,Q12_24,Q12_25,Q12_26,Q12_27,Q12_28,Q12_29,Q12_30,Q12_31,Q12_32,Q12_33,Q12_34,Q12_35,Q12_36,Q12_37,Q12_38,Q12_39,Q12_40,Q12_42,Q13_5,Q13_23,Q13_24,Q13_25,Q13_26,Q13_27,Q13_28,Q13_29,Q13_30,Q13_31,Q13_32,Q13_33,Q13_34,Q13_35,Q13_36,Q13_37,Q13_38,Q13_39,Q13_40,Q13_42,Q14_5,Q14_23,Q14_24,Q14_25,Q14_26,Q14_27,Q14_28,Q14_29,Q14_30,Q14_31,Q14_32,Q14_33,Q14_34,Q14_35,Q14_36,Q14_37,Q14_38,Q14_39,Q14_40,Q14_42,Q15_5,Q15_23,Q15_24,Q15_25,Q15_26,Q15_27,Q15_28,Q15_29,Q15_30,Q15_31,Q15_32,Q15_33,Q15_34,Q15_35,Q15_36,Q15_37,Q15_38,Q15_39,Q15_40,Q15_42,Q16_5,Q16_23,Q16_24,Q16_25,Q16_26,Q16_27,Q16_28,Q16_29,Q16_30,Q16_31,Q16_32,Q16_33,Q16_34,Q16_35,Q16_36,Q16_37,Q16_38,Q16_39,Q16_40,Q16_42,Q17_5,Q17_23,Q17_24,Q17_25,Q17_26,Q17_27,Q17_28,Q17_29,Q17_30,Q17_31,Q17_32,Q17_33,Q17_34,Q17_35,Q17_36,Q17_37,Q17_38,Q17_39,Q17_40,Q17_42,Q18_5,Q18_23,Q18_24,Q18_25,Q18_26,Q18_27,Q18_28,Q18_29,Q18_30,Q18_31,Q18_32,Q18_33,Q18_34,Q18_35,Q18_36,Q18_37,Q18_38,Q18_39,Q18_40,Q18_42,Q19_5,Q19_23,Q19_24,Q19_25,Q19_26,Q19_27,Q19_28,Q19_29,Q19_30,Q19_31,Q19_32,Q19_33,Q19_34,Q19_35,Q19_36,Q19_37,Q19_38,Q19_39,Q19_40,Q19_42,Q20_5,Q20_23,Q20_24,Q20_25,Q20_26,Q20_27,Q20_28,Q20_29,Q20_30,Q20_31,Q20_32,Q20_33,Q20_34,Q20_35,Q20_36,Q20_37,Q20_38,Q20_39,Q20_40,Q20_42,Q21_5,Q21_23,Q21_24,Q21_25,Q21_26,Q21_27,Q21_28,Q21_29,Q21_30,Q21_31,Q21_32,Q21_33,Q21_34,Q21_35,Q21_36,Q21_37,Q21_38,Q21_39,Q21_40,Q21_42
Participant Number,Q23 - 15,Q23 - 45,Q23 - 60,Q23 - 75,Q23 - 90,Q23 - 105,Q23 - 130,Q23 - 150,Q23 - 165,Q23 - 180,Q23 - 240,Q23 - 195,Q23 - 225,Q23 - 255,Q23 - 270,Q23 - 285,Q23 - 315,Q23 - 330,Q23 - 345,Q23 - 0,Q9 - 15,Q9 - 45,Q9 - 60,Q9 - 75,Q9 - 90,Q9 - 105,Q9 - 130,Q9 - 150,Q9 - 165,Q9 - 180,Q9 - 240,Q9 - 195,Q9 - 225,Q9 - 255,Q9 - 270,Q9 - 285,Q9 - 315,Q9 - 330,Q9 - 345,Q9 - 0,Q11 - 15,Q11 - 45,Q11 - 60,Q11 - 75,Q11 - 90,Q11 - 105,Q11 - 130,Q11 - 150,Q11 - 165,Q11 - 180,Q11 - 240,Q11 - 195,Q11 - 225,Q11 - 255,Q11 - 270,Q11 - 285,Q11 - 315,Q11 - 330,Q11 - 345,Q11 - 0,Q12 - 15,Q12 - 45,Q12 - 60,Q12 - 75,Q12 - 90,Q12 - 105,Q12 - 130,Q12 - 150,Q12 - 165,Q12 - 180,Q12 - 240,Q12 - 195,Q12 - 225,Q12 - 255,Q12 - 270,Q12 - 285,Q12 - 315,Q12 - 330,Q12 - 345,Q12 - 0,Q13 - 15,Q13 - 45,Q13 - 60,Q13 - 75,Q13 - 90,Q13 - 105,Q13 - 130,Q13 - 150,Q13 - 165,Q13 - 180,Q13 - 240,Q13 - 195,Q13 - 225,Q13 - 255,Q13 - 270,Q13 - 285,Q13 - 315,Q13 - 330,Q13 - 345,Q13 - 0,Q14 - 15,Q14 - 45,Q14 - 60,Q14 - 75,Q14 - 90,Q14 - 105,Q14 - 130,Q14 - 150,Q14 - 165,Q14 - 180,Q14 - 240,Q14 - 195,Q14 - 225,Q14 - 255,Q14 - 270,Q14 - 285,Q14 - 315,Q14 - 330,Q14 - 345,Q14 - 0,Q15 - 15,Q15 - 45,Q15 - 60,Q15 - 75,Q15 - 90,Q15 - 105,Q15 - 130,Q15 - 150,Q15 - 165,Q15 - 180,Q15 - 240,Q15 - 195,Q15 - 225,Q15 - 255,Q15 - 270,Q15 - 285,Q15 - 315,Q15 - 330,Q15 - 345,Q15 - 0,Q16 - 15,Q16 - 45,Q16 - 60,Q16 - 75,Q16 - 90,Q16 - 105,Q16 - 130,Q16 - 150,Q16 - 165,Q16 - 180,Q16 - 240,Q16 - 195,Q16 - 225,Q16 - 255,Q16 - 270,Q16 - 285,Q16 - 315,Q16 - 330,Q16 - 345,Q16 - 0,Q17 - 15,Q17 - 45,Q17 - 60,Q17 - 75,Q17 - 90,Q17 - 105,Q17 - 130,Q17 - 150,Q17 - 165,Q17 - 180,Q17 - 240,Q17 - 195,Q17 - 225,Q17 - 255,Q17 - 270,Q17 - 285,Q17 - 315,Q17 - 330,Q17 - 345,Q17 - 0,Q18 - 15,Q18 - 45,Q18 - 60,Q18 - 75,Q18 - 90,Q18 - 105,Q18 - 130,Q18 - 150,Q18 - 165,Q18 - 180,Q18 - 240,Q18 - 195,Q18 - 225,Q18 - 255,Q18 - 270,Q18 - 285,Q18 - 315,Q18 - 330,Q18 - 345,Q18 - 0,Q19 - 15,Q19 - 45,Q19 - 60,Q19 - 75,Q19 - 90,Q19 - 105,Q19 - 130,Q19 - 150,Q19 - 165,Q19 - 180,Q19 - 240,Q19 - 195,Q19 - 225,Q19 - 255,Q19 - 270,Q19 - 285,Q19 - 315,Q19 - 330,Q19 - 345,Q19 - 0,Q20 - 15,Q20 - 45,Q20 - 60,Q20 - 75,Q20 - 90,Q20 - 105,Q20 - 130,Q20 - 150,Q20 - 165,Q20 - 180,Q20 - 240,Q20 - 195,Q20 - 225,Q20 - 255,Q20 - 270,Q20 - 285,Q20 - 315,Q20 - 330,Q20 - 345,Q20 - 0,Q21 - 15,Q21 - 45,Q21 - 60,Q21 - 75,Q21 - 90,Q21 - 105,Q21 - 130,Q21 - 150,Q21 - 165,Q21 - 180,Q21 - 240,Q21 - 195,Q21 - 225,Q21 - 255,Q21 - 270,Q21 - 285,Q21 - 315,Q21 - 330,Q21 - 345,Q21 - 0
P001,Off,Off,Off,Off,Off,Off,Off,Off,Off,Off,Off,Off,Off,Off,Off,Off,Off,Off,Off,Off,Off,Off,Off,Off,Off,Off,Off,On,Off,Off,Off,Off,Off,Off,Off,Off,Off,Off,Off,Off,Off,Off,Off,Off,Off,Off,Off,Off,Off,Off,Off,Off,On,Off,Off,Off,Off,Off,Off,Off,Off,Off,Off,Off,Off,Off,On,Off,Off,Off,Off,Off,Off,Off,Off,Off,Off,Off,Off,Off,Off,Off,Off,Off,Off,Off,Off,Off,On,Off,Off,Off,Off,Off,Off,Off,Off,Off,Off,Off,Off,Off,Off,Off,Off,Off,Off,Off,Off,Off,Off,Off,Off,Off,Off,Off,On,Off,Off,Off,Off,Off,Off,Off,Off,Off,Off,Off,Off,Off,Off,Off,On,Off,Off,Off,Off,Off,Off,Off,Off,Off,Off,Off,Off,Off,Off,Off,Off,Off,Off,Off,Off,Off,Off,Off,Off,On,Off,Off,Off,Off,Off,Off,Off,Off,Off,Off,Off,Off,Off,Off,Off,Off,Off,On,Off,Off,Off,Off,Off,Off,Off,Off,Off,Off,Off,Off,Off,Off,On,Off,Off,Off,Off,Off,Off,Off,Off,Off,Off,On,Off,Off,Off,Off,Off,Off,Off,Off,Off,Off,Off,Off,Off,Off,Off,Off,Off,Off,Off,On,Off,Off,Off,Off,Off,Off,Off,Off,Off,Off,Off,Off,Off,Off,Off,Off,Off,Off,Off,Off,Off,Off,Off,Off,Off,On,Off,Off,Off,Off,Off,Off,Off,Off,Off,Off,Off,Off
P002,Off,Off,Off,Off,Off,Off,Off,Off,Off,Off,Off,Off,Off,Off,Off,Off,Off,Off,Off,Off,Off,Off,Off,Off,Off,Off,Off,Off,Off,On,Off,Off,Off,Off,Off,Off,Off,Off,Off,Off,Off,Off,Off,Off,Off,Off,Off,Off,Off,Off,Off,Off,On,Off,Off,Off,Off,Off,Off,Off,Off,Off,Off,Off,Off,Off,Off,On,Off,Off,Off,Off,Off,Off,Off,Off,Off,Off,Off,Off,Off,Off,Off,Off,Off,Off,Off,Off,Off,Off,Off,Off,On,Off,Off,Off,Off,Off,Off,Off,Off,Off,Off,Off,Off,Off,Off,Off,Off,Off,Off,Off,Off,Off,Off,Off,Off,On,Off,Off,Off,Off,Off,Off,Off,Off,Off,Off,Off,Off,Off,Off,Off,Off,Off,Off,Off,Off,On,Off,Off,Off,Off,Off,Off,Off,Off,Off,Off,Off,Off,Off,Off,Off,Off,Off,On,Off,Off,Off,Off,Off,Off,Off,Off,Off,Off,Off,Off,Off,Off,Off,Off,Off,Off,Off,On,Off,Off,Off,Off,Off,Off,On,Off,Off,Off,Off,Off,Off,Off,Off,Off,Off,Off,Off,Off,Off,Off,Off,Off,Off,On,Off,Off,Off,Off,Off,Off,Off,Off,Off,Off,Off,Off,Off,Off,Off,Off,Off,Off,Off,Off,Off,Off,Off,Off,Off,Off,Off,Off,Off,Off,Off,Off,Off,Off,On,Off,Off,Off,Off,Off,Off,Off,Off,Off,Off,Off,Off,Off,Off,On,Off,Off,Off,Off,Off,Off,Off
P003,Off,Off,Off,Off,Off,Off,Off,Off,Off,Off,Off,Off,Off,Off,Off,Off,Off,Off,Off,Off,Off,Off,Off,Off,Off,Off,On,Off,Off,Off,Off,Off,Off,Off,Off,Off,Off,Off,Off,Off,Off,Off,Off,Off,Off,Off,Off,Off,Off,On,Off,Off,Off,Off,Off,Off,Off,Off,Off,Off,Off,Off,Off,Off,Off,On,Off,Off,Off,Off,Off,Off,Off,Off,Off,Off,Off,Off,Off,Off,Off,Off,Off,Off,Off,Off,Off,On,Off,Off,Off,Off,Off,Off,Off,Off,Off,Off,Off,Off,Off,Off,Off,Off,Off,Off,Off,Off,Off,Off,Off,Off,Off,Off,Off,Off,On,Off,Off,Off,Off,Off,Off,Off,Off,Off,Off,Off,Off,Off,Off,On,Off,Off,Off,Off,Off,Off,Off,Off,Off,Off,Off,Off,Off,Off,Off,Off,Off,Off,Off,Off,Off,Off,Off,Off,Off,On,Off,Off,Off,Off,Off,Off,Off,Off,Off,Off,Off,Off,Off,Off,On,Off,Off,Off,Off,Off,Off,Off,Off,Off,Off,Off,Off,Off,Off,Off,Off,Off,Off,Off,Off,Off,Off,On,Off,Off,Off,Off,Off,Off,Off,Off,On,Off,Off,Off,Off,Off,Off,Off,Off,Off,Off,Off,Off,Off,Off,Off,Off,Off,On,Off,Off,Off,Off,Off,Off,Off,Off,Off,Off,Off,Off,Off,Off,Off,Off,Off,Off,Off,Off,Off,Off,Off,On,Off,Off,Off,Off,Off,Off,Off,Off,Off,Off,Off,Off,Off
P004,Off,Off,Off,Off,Off,Off,Off,Off,Off,Off,Off,Off,Off,Off,Off,Off,On,Off,Off,Off,Off,Off,Off,Off,Off,Off,Off,Off,Off,Off,Off,Off,Off,Off,Off,Off,Off,On,Off,Off,Off,Off,Off,Off,Off,Off,Off,Off,Off,Off,On,Off,Off,Off,Off,Off,Off,Off,Off,Off,Off,Off,Off,Off,Off,On,Off,Off,Off,Off,Off,Off,Off,Off,Off,Off,Off,Off,Off,Off,Off,Off,Off,Off,Off,Off,Off,Off,On,Off,Off,Off,Off,Off,Off,Off,Off,Off,Off,Off,Off,Off,Off,Off,Off,Off,Off,Off,Off,Off,Off,Off,Off,Off,Off,Off,On,Off,Off,Off,Off,Off,Off,Off,On,Off,Off,Off,Off,Off,Off,Off,Off,Off,Off,Off,Off,Off,Off,Off,Off,Off,Off,Off,Off,Off,Off,Off,Off,Off,Off,Off,Off,Off,Off,Off,Off,On,Off,Off,Off,Off,Off,Off,Off,Off,Off,Off,Off,Off,Off,Off,Off,Off,Off,Off,On,Off,Off,Off,Off,Off,Off,Off,Off,Off,Off,Off,Off,On,Off,Off,Off,Off,Off,Off,Off,Off,Off,Off,Off,Off,Off,Off,On,Off,Off,Off,Off,Off,Off,Off,Off,Off,Off,Off,Off,Off,Off,Off,Off,On,Off,Off,Off,Off,Off,Off,Off,Off,Off,Off,Off,Off,Off,Off,Off,Off,Off,Off,Off,Off,Off,Off,Off,Off,On,Off,Off,Off,Off,Off,Off,Off,Off,Off,Off,Off,Off,Off
P005,Off,Off,Off,Off,Off,Off,Off,Off,Off,Off,Off,Off,Off,Off,Off,Off,Off,Off,Off,Off,Off,Off,Off,Off,Off,Off,Off,On,Off,Off,Off,Off,Off,Off,Off,Off,Off,Off,Off,Off,Off,Off,Off,Off,Off,Off,Off,Off,Off,Off,Off,Off,Off,Off,On,Off,Off,Off,Off,Off,Off,Off,Off,Off,Off,On,Off,Off,Off,Off,Off,Off,Off,Off,Off,Off,Off,Off,Off,Off,Off,Off,Off,Off,Off,Off,Off,Off,On,Off,Off,Off,Off,Off,Off,Off,Off,Off,Off,Off,Off,Off,Off,Off,Off,Off,Off,Off,Off,Off,Off,Off,Off,Off,Off,Off,On,Off,Off,Off,Off,Off,Off,Off,Off,Off,Off,Off,Off,Off,Off,On,Off,Off,Off,Off,Off,Off,Off,Off,Off,Off,Off,Off,Off,Off,Off,Off,Off,Off,Off,Off,Off,Off,Off,Off,On,Off,Off,Off,Off,Off,Off,Off,Off,Off,Off,Off,Off,Off,Off,Off,Off,On,Off,Off,Off,Off,Off,Off,Off,Off,Off,Off,Off,Off,Off,Off,Off,Off,Off,Off,Off,Off,Off,On,Off,Off,Off,Off,Off,Off,Off,On,Off,Off,Off,Off,Off,Off,Off,Off,Off,Off,Off,Off,Off,Off,Off,Off,Off,On,Off,Off,Off,Off,Off,Off,Off,Off,Off,Off,Off,Off,Off,Off,Off,Off,Off,Off,Off,Off,Off,Off,Off,Off,Off,On,Off,Off,Off,Off,Off,Off,Off,Off,Off,Off,Off,Off
P006,Off,Off,Off,Off,Off,Off,Off,Off,Off,Off,Off,Off,Off,Off,Off,Off,On,Off,Off,Off,Off,Off,Off,Off,Off,Off,On,Off,Off,Off,Off,Off,Off,Off,Off,Off,Off,Off,Off,Off,Off,Off,Off,Off,Off,Off,Off,Off,Off,Off,Off,Off,On,Off,Off,Off,Off,Off,Off,Off,Off,Off,On,Off,Off,Off,Off,Off,Off,Off,Off,Off,Off,Off,Off,Off,Off,Off,Off,Off,Off,Off,Off,Off,Off,Off,Off,Off,Off,Off,Off,On,Off,Off,Off,Off,Off,Off,Off,Off,Off,Off,Off,Off,Off,Off,Off,Off,Off,Off,Off,Off,Off,Off,Off,On,Off,Off,Off,Off,Off,Off,Off,Off,Off,Off,Off,Off,Off,Off,Off,On,Off,Off,Off,Off,Off,Off,Off,Off,Off,Off,Off,Off,Off,Off,Off,Off,Off,Off,Off,Off,Off,Off,Off,Off,Off,On,Off,Off,Off,Off,Off,Off,Off,Off,Off,Off,Off,Off,Off,Off,On,Off,Off,Off,Off,Off,Off,Off,Off,Off,Off,Off,Off,Off,Off,Off,Off,Off,On,Off,Off,Off,Off,Off,Off,Off,Off,Off,Off,Off,On,Off,Off,Off,Off,Off,Off,Off,Off,Off,Off,Off,Off,Off,Off,Off,Off,Off,Off,On,Off,Off,Off,Off,Off,Off,Off,Off,Off,Off,Off,Off,Off,Off,Off,Off,Off,Off,Off,Off,Off,Off,Off,Off,Off,Off,On,Off,Off,Off,Off,Off,Off,Off,Off,Off,Off,Off
P007,Off,Off,Off,Off,Off,Off,Off,Off,Off,Off,Off,Off,Off,Off,Off,Off,Off,Off,Off,Off,Off,Off,Off,Off,Off,Off,Off,On,Off,Off,Off,Off,Off,Off,Off,Off,Off,Off,Off,Off,Off,Off,Off,Off,Off,Off,Off,Off,Off,Off,Off,Off,Off,On,Off,Off,Off,Off,Off,Off,Off,Off,Off,Off,On,Off,Off,Off,Off,Off,Off,Off,Off,Off,Off,Off,Off,Off,Off,Off,Off,Off,Off,Off,Off,Off,Off,Off,Off,On,Off,Off,Off,Off,Off,Off,Off,Off,Off,Off,Off,Off,Off,Off,Off,Off,Off,Off,Off,Off,Off,Off,Off,Off,Off,Off,On,Off,Off,Off,Off,Off,Off,Off,Off,Off,Off,Off,Off,Off,On,Off,Off,Off,Off,Off,Off,Off,Off,Off,Off,Off,Off,Off,Off,Off,Off,Off,Off,Off,Off,Off,Off,Off,Off,Off,On,Off,Off,Off,Off,Off,Off,Off,Off,Off,Off,Off,Off,Off,On,Off,Off,Off,Off,Off,Off,Off,Off,Off,Off,Off,Off,Off,Off,Off,Off,Off,Off,Off,Off,Off,Off,Off,Off,Off,On,Off,Off,Off,Off,Off,Off,On,Off,Off,Off,Off,Off,Off,Off,Off,Off,Off,Off,Off,Off,Off,Off,Off,Off,On,Off,Off,Off,Off,Off,Off,Off,Off,Off,Off,Off,Off,Off,Off,Off,Off,Off,Off,Off,Off,Off,Off,Off,Off,On,Off,Off,Off,Off,Off,Off,Off,Off,Off,Off,Off,Off,Off
P008,Off,Off,Off,Off,Off,Off,Off,Off,Off,Off,Off,Off,Off,Off,Off,Off,Off,Off,Off,Off,Off,Off,Off,Off,Off,Off,On,Off,Off,Off,Off,Off,Off,Off,Off,Off,Off,Off,Off,Off,Off,Off,Off,Off,Off,Off,Off,Off,Off,Off,On,Off,Off,Off,Off,Off,Off,Off,Off,Off,Off,Off,Off,Off,On,Off,Off,Off,Off,Off,Off,Off,Off,Off,Off,Off,Off,Off,Off,Off,Off,Off,Off,Off,Off,Off,Off,Off,On,Off,Off,Off,Off,Off,Off,Off,Off,Off,Off,Off,Off,Off,Off,Off,Off,Off,Off,Off,Off,Off,Off,Off,Off,Off,Off,Off,Off,On,Off,Off,Off,Off,Off,Off,Off,Off,Off,Off,Off,Off,Off,Off,On,Off,Off,Off,Off,Off,Off,Off,Off,Off,Off,Off,Off,Off,Off,Off,Off,Off,Off,Off,Off,Off,Off,Off,Off,On,Off,Off,Off,Off,Off,Off,Off,Off,Off,Off,Off,Off,Off,Off,Off,On,Off,Off,Off,Off,Off,Off,Off,Off,Off,Off,Off,Off,Off,Off,Off,Off,Off,Off,Off,Off,Off,On,Off,Off,Off,Off,Off,Off,On,Off,Off,Off,Off,Off,Off,Off,Off,Off,Off,Off,Off,Off,Off,Off,Off,Off,Off,On,Off,Off,Off,Off,Off,Off,Off,Off,Off,Off,Off,Off,Off,Off,Off,Off,Off,Off,Off,Off,Off,Off,Off,Off,Off,On,Off,Off,Off,Off,Off,Off,Off,Off,Off,Off,Off,Off
P009,Off,Off,Off,Off,Off,Off,Off,Off,Off,Off,Off,Off,Off,Off,Off,Off,Off,Off,Off,Off,Off,Off,Off,Off,Off,On,Off,Off,Off,Off,Off,Off,Off,Off,Off,Off,Off,Off,Off,Off,Off,Off,Off,Off,Off,Off,Off,Off,Off,Off,Off,Off,On,Off,Off,Off,Off,Off,Off,Off,Off,Off,Off,On,Off,Off,Off,Off,Off,Off,Off,Off,Off,Off,Off,Off,Off,Off,Off,Off,Off,Off,Off,Off,Off,Off,Off,Off,Off,Off,Off,On,Off,Off,Off,Off,Off,Off,Off,Off,Off,Off,Off,Off,Off,Off,Off,Off,Off,Off,Off,Off,Off,Off,Off,On,Off,Off,Off,Off,Off,Off,Off,Off,Off,Off,Off,Off,Off,Off,Off,Off,On,Off,Off,Off,Off,Off,Off,Off,Off,Off,Off,Off,Off,Off,Off,Off,Off,Off,Off,Off,Off,Off,Off,Off,On,Off,Off,Off,Off,Off,Off,Off,Off,Off,Off,Off,Off,Off,Off,Off,On,Off,Off,Off,Off,Off,Off,Off,Off,Off,Off,Off,Off,Off,Off,Off,Off,Off,Off,Off,Off,Off,Off,Off,Off,On,Off,Off,Off,Off,Off,On,Off,Off,Off,Off,Off,Off,Off,Off,Off,Off,Off,Off,Off,Off,Off,Off,Off,On,Off,Off,Off,Off,Off,Off,Off,Off,Off,Off,Off,Off,Off,Off,Off,Off,Off,Off,Off,Off,Off,Off,Off,Off,Off,Off,On,Off,Off,Off,Off,Off,Off,Off,Off,Off,Off,Off
P010,Off,Off,Off,Off,Off,Off,Off,Off,Off,Off,Off,Off,Off,Off,Off,Off,Off,Off,Off,Off,Off,Off,Off,Off,Off,Off,Off,On,Off,Off,Off,Off,Off,Off,Off,Off,Off,Off,Off,Off,Off,Off,Off,Off,Off,Off,Off,Off,Off,Off,Off,On,Off,Off,Off,Off,Off,Off,Off,Off,Off,Off,Off,Off,On,Off,Off,Off,Off,Off,Off,Off,Off,Off,Off,Off,Off,Off,Off,Off,Off,Off,Off,Off,Off,Off,Off,Off,On,Off,Off,Off,Off,Off,Off,Off,Off,Off,Off,Off,Off,Off,Off,Off,Off,Off,Off,Off,Off,Off,Off,Off,Off,Off,Off,Off,On,Off,Off,Off,Off,Off,Off,Off,Off,Off,Off,Off,Off,Off,Off,On,Off,Off,Off,Off,Off,Off,Off,Off,Off,Off,Off,Off,Off,Off,Off,Off,Off,Off,Off,Off,Off,Off,Off,Off,Off,On,Off,Off,Off,Off,Off,Off,Off,Off,Off,Off,Off,Off,Off,On,Off,Off,Off,Off,Off,Off,Off,Off,Off,Off,Off,Off,Off,Off,Off,Off,Off,Off,Off,Off,Off,Off,On,Off,Off,Off,Off,Off,Off,Off,Off,Off,On,Off,Off,Off,Off,Off,Off,Off,Off,Off,Off,Off,Off,Off,Off,Off,Off,Off,Off,Off,On,Off,Off,Off,Off,Off,Off,Off,Off,Off,Off,Off,Off,Off,Off,Off,Off,Off,Off,Off,Off,Off,Off,Off,On,Off,Off,Off,Off,Off,Off,Off,Off,Off,Off,Off
P011,Off,Off,Off,Off,Off,Off,Off,Off,Off,Off,Off,Off,Off,Off,Off,Off,Off,Off,Off,Off,Off,Off,Off,Off,Off,Off,Off,On,Off,Off,Off,Off,Off,Off,Off,Off,Off,Off,Off,Off,Off,Off,Off,Off,Off,Off,Off,Off,Off,Off,Off,Off,On,Off,Off,Off,Off,Off,Off,Off,Off,On,Off,Off,Off,Off,Off,Off,Off,Off,Off,Off,Off,Off,Off,Off,Off,Off,Off,Off,Off,Off,Off,Off,Off,Off,Off,Off,On,Off,Off,Off,Off,Off,Off,Off,Off,Off,Off,Off,Off,Off,Off,Off,Off,Off,Off,Off,Off,Off,Off,Off,Off,Off,Off,On,Off,Off,Off,Off,Off,Off,Off,Off,Off,Off,On,Off,Off,Off,Off,Off,Off,Off,Off,Off,Off,Off,Off,Off,Off,Off,Off,Off,Off,Off,Off,Off,Off,Off,Off,Off,Off,Off,Off,Off,On,Off,Off,Off,Off,Off,Off,Off,Off,Off,Off,Off,Off,Off,Off,Off,On,Off,Off,Off,Off,Off,Off,Off,Off,Off,Off,Off,Off,Off,Off,Off,Off,Off,On,Off,Off,Off,Off,Off,Off,Off,Off,Off,Off,Off,On,Off,Off,Off,Off,Off,Off,Off,Off,Off,Off,Off,Off,Off,Off,Off,Off,Off,Off,Off,On,Off,Off,Off,Off,Off,Off,Off,Off,Off,Off,Off,Off,Off,Off,Off,Off,Off,Off,Off,Off,Off,Off,Off,Off,Off,On,Off,Off,Off,Off,Off,Off,Off,Off,Off,Off,Off
P012,Off,Off,Off,Off,Off,Off,Off,Off,Off,Off,Off,Off,Off,Off,Off,Off,On,Off,Off,Off,Off,Off,Off,Off,Off,Off,Off,Off,Off,Off,Off,Off,Off,Off,Off,Off,On,Off,Off,Off,Off,Off,Off,Off,Off,Off,Off,Off,Off,Off,On,Off,Off,Off,Off,Off,Off,Off,Off,Off,Off,Off,Off,Off,On,Off,Off,Off,Off,Off,Off,Off,Off,Off,Off,Off,Off,Off,Off,Off,Off,Off,Off,Off,Off,Off,Off,On,Off,Off,Off,Off,Off,Off,Off,Off,Off,Off,Off,Off,Off,Off,On,Off,Off,Off,Off,Off,Off,Off,Off,Off,Off,Off,Off,Off,Off,Off,Off,Off,Off,Off,Off,Off,Off,Off,Off,Off,Off,Off,Off,Off,On,Off,Off,Off,Off,Off,Off,Off,Off,Off,Off,Off,Off,Off,Off,Off,Off,Off,Off,Off,Off,Off,Off,Off,Off,On,Off,Off,Off,Off,Off,Off,Off,Off,Off,Off,Off,Off,Off,Off,Off,Off,Off,Off,On,Off,Off,Off,Off,Off,Off,Off,Off,Off,Off,Off,Off,Off,Off,Off,Off,Off,Off,On,Off,Off,Off,Off,Off,Off,On,Off,Off,Off,Off,Off,Off,Off,Off,Off,Off,Off,Off,Off,Off,Off,Off,Off,On,Off,Off,Off,Off,Off,Off,Off,Off,Off,Off,Off,Off,Off,Off,Off,Off,Off,Off,Off,Off,Off,Off,Off,Off,Off,Off,On,Off,Off,Off,Off,Off,Off,Off,Off,Off,Off,Off,Off
P013,Off,Off,Off,Off,Off,Off,Off,Off,Off,Off,Off,Off,Off,Off,Off,Off,Off,Off,Off,Off,Off,Off,Off,Off,Off,Off,Off,Off,Off,On,Off,Off,Off,Off,Off,Off,Off,Off,Off,Off,Off,Off,Off,Off,Off,Off,Off,Off,Off,Off,Off,On,Off,Off,Off,Off,Off,Off,Off,Off,Off,Off,Off,Off,Off,Off,Off,Off,Off,Off,On,Off,Off,Off,Off,Off,Off,Off,Off,Off,Off,Off,Off,Off,Off,Off,Off,Off,On,Off,Off,Off,Off,Off,Off,Off,Off,Off,Off,Off,Off,Off,Off,Off,Off,Off,Off,Off,Off,Off,Off,Off,Off,Off,Off,Off,On,Off,Off,Off,Off,Off,Off,Off,Off,Off,Off,On,Off,Off,Off,Off,Off,Off,Off,Off,Off,Off,Off,Off,Off,Off,Off,Off,Off,Off,Off,Off,Off,Off,Off,Off,Off,Off,Off,On,Off,Off,Off,Off,Off,Off,Off,Off,Off,Off,Off,Off,Off,Off,Off,Off,Off,Off,Off,Off,On,Off,Off,Off,Off,On,Off,Off,Off,Off,Off,Off,Off,Off,Off,Off,Off,Off,Off,Off,Off,Off,Off,Off,Off,Off,On,Off,Off,Off,Off,Off,Off,Off,Off,Off,Off,Off,Off,Off,Off,Off,Off,Off,Off,On,Off,Off,Off,Off,Off,Off,Off,Off,Off,Off,Off,Off,Off,Off,Off,Off,Off,Off,Off,Off,Off,Off,Off,Off,Off,On,Off,Off,Off,Off,Off,Off,Off,Off,Off,Off,Off,Off
P014,Off,Off,Off,Off,Off,Off,Off,Off,Off,Off,Off,Off,Off,Off,Off,Off,Off,Off,Off,Off,Off,Off,Off,Off,Off,Off,Off,Off,Off,Off,Off,On,Off,Off,Off,Off,Off,Off,Off,Off,Off,Off,Off,Off,Off,Off,Off,Off,Off,Off,Off,Off,Off,Off,On,Off,Off,Off,Off,Off,Off,Off,Off,Off,Off,Off,Off,Off,On,Off,Off,Off,Off,Off,Off,Off,Off,Off,Off,Off,Off,Off,Off,Off,Off,Off,Off,Off,Off,On,Off,Off,Off,Off,Off,Off,Off,Off,Off,Off,Off,Off,Off,Off,Off,Off,Off,Off,Off,Off,On,Off,Off,Off,Off,Off,Off,Off,Off,Off,Off,Off,Off,Off,Off,Off,Off,Off,Off,Off,Off,Off,On,Off,Off,Off,Off,Off,Off,Off,Off,Off,Off,Off,Off,Off,Off,Off,Off,Off,Off,Off,Off,Off,Off,Off,On,Off,Off,Off,Off,Off,Off,Off,Off,Off,Off,Off,Off,Off,Off,Off,Off,Off,Off,Off,On,Off,Off,Off,Off,Off,Off,Off,Off,Off,Off,Off,Off,Off,Off,Off,Off,On,Off,Off,Off,Off,Off,Off,Off,Off,Off,On,Off,Off,Off,Off,Off,Off,Off,Off,Off,Off,Off,Off,Off,Off,Off,Off,Off,On,Off,Off,Off,Off,Off,Off,Off,Off,Off,Off,Off,Off,Off,Off,Off,Off,Off,Off,Off,Off,Off,Off,Off,Off,On,Off,Off,Off,Off,Off,Off,Off,Off,Off,Off,Off,Off,Off
P015,Off,Off,Off,Off,Off,Off,Off,Off,Off,Off,Off,Off,Off,Off,Off,Off,Off,Off,Off,Off,On,Off,Off,Off,Off,Off,Off,Off,Off,Off,Off,Off,Off,Off,Off,Off,Off,Off,Off,Off,Off,Off,Off,Off,Off,Off,Off,Off,Off,Off,On,Off,Off,Off,Off,Off,Off,Off,Off,Off,Off,Off,Off,Off,On,Off,Off,Off,Off,Off,Off,Off,Off,Off,Off,Off,Off,Off,Off,Off,Off,Off,Off,Off,Off,Off,Off,On,Off,Off,Off,Off,Off,Off,Off,Off,Off,Off,Off,Off,Off,On,Off,Off,Off,Off,Off,Off,Off,Off,Off,Off,Off,Off,Off,Off,Off,Off,Off,Off,Off,Off,Off,Off,Off,Off,Off,Off,Off,Off,Off,Off,Off,Off,Off,Off,Off,Off,On,Off,Off,Off,Off,Off,Off,Off,Off,Off,Off,Off,Off,Off,Off,Off,Off,Off,On,Off,Off,Off,Off,Off,Off,Off,Off,On,Off,Off,Off,Off,Off,Off,Off,Off,Off,Off,Off,Off,Off,Off,Off,Off,Off,Off,Off,Off,Off,Off,Off,Off,Off,Off,Off,On,Off,Off,Off,Off,Off,Off,Off,Off,On,Off,Off,Off,Off,Off,Off,Off,Off,Off,Off,Off,Off,Off,Off,Off,Off,Off,Off,Off,On,Off,Off,Off,Off,Off,Off,Off,Off,Off,Off,Off,Off,Off,Off,Off,Off,Off,Off,Off,Off,Off,Off,Off,Off,Off,Off,Off,Off,On,Off,Off,Off,Off,Off,Off,Off,Off
P016,Off,Off,Off,Off,Off,Off,Off,Off,Off,Off,Off,Off,Off,Off,Off,Off,Off,Off,Off,Off,Off,Off,Off,Off,Off,Off,Off,Off,Off,Off,Off,Off,On,Off,Off,Off,Off,Off,Off,Off,Off,Off,Off,Off,Off,Off,Off,Off,Off,Off,On,Off,Off,Off,Off,Off,Off,Off,Off,Off,Off,Off,Off,Off,On,Off,Off,Off,Off,Off,Off,Off,Off,Off,Off,Off,Off,Off,Off,Off,Off,Off,Off,Off,Off,Off,Off,Off,Off,Off,Off,On,Off,Off,Off,Off,Off,Off,Off,Off,Off,Off,Off,Off,Off,Off,Off,Off,Off,Off,Off,Off,Off,Off,Off,Off,Off,On,Off,Off,Off,Off,Off,Off,Off,Off,Off,Off,Off,Off,Off,On,Off,Off,Off,Off,Off,Off,Off,Off,Off,Off,Off,Off,Off,Off,Off,Off,Off,Off,Off,Off,Off,Off,Off,Off,Off,On,Off,Off,Off,Off,Off,Off,Off,Off,Off,Off,Off,Off,Off,Off,Off,Off,On,Off,Off,Off,Off,Off,Off,Off,Off,Off,Off,Off,Off,Off,Off,Off,Off,Off,Off,Off,Off,On,Off,Off,Off,Off,Off,On,Off,Off,Off,Off,Off,Off,Off,Off,Off,Off,Off,Off,Off,Off,Off,Off,Off,Off,Off,On,Off,Off,Off,Off,Off,Off,Off,Off,Off,Off,Off,Off,Off,Off,Off,Off,Off,Off,Off,Off,Off,Off,Off,Off,Off,On,Off,Off,Off,Off,Off,Off,Off,Off,Off,Off,Off,Off
P017,Off,Off,Off,Off,Off,Off,Off,Off,Off,Off,Off,Off,Off,Off,Off,Off,Off,Off,Off,Off,Off,Off,Off,Off,Off,Off,Off,On,Off,Off,Off,Off,Off,Off,Off,Off,Off,Off,Off,Off,Off,Off,Off,Off,Off,Off,Off,Off,Off,Off,Off,Off,On,Off,Off,Off,Off,Off,Off,Off,Off,Off,Off,On,Off,Off,Off,Off,Off,Off,Off,Off,Off,Off,Off,Off,Off,Off,Off,Off,Off,Off,Off,Off,Off,Off,Off,Off,On,Off,Off,Off,Off,Off,Off,Off,Off,Off,Off,Off,Off,Off,Off,Off,Off,Off,Off,Off,Off,Off,Off,Off,Off,Off,Off,Off,Off,On,Off,Off,Off,Off,Off,Off,Off,Off,Off,Off,Off,Off,Off,Off,On,Off,Off,Off,Off,Off,Off,Off,Off,Off,Off,Off,Off,Off,Off,Off,Off,Off,Off,Off,Off,Off,Off,Off,Off,On,Off,Off,Off,Off,Off,Off,Off,Off,Off,Off,Off,Off,Off,Off,Off,On,Off,Off,Off,Off,Off,Off,Off,Off,Off,Off,Off,Off,Off,Off,Off,Off,Off,Off,Off,Off,Off,On,Off,Off,Off,Off,Off,Off,On,Off,Off,Off,Off,Off,Off,Off,Off,Off,Off,Off,Off,Off,Off,Off,Off,Off,Off,On,Off,Off,Off,Off,Off,Off,Off,Off,Off,Off,Off,Off,Off,Off,Off,Off,Off,Off,Off,Off,Off,Off,Off,Off,Off,Off,On,Off,Off,Off,Off,Off,Off,Off,Off,Off,Off,Off
P018,Off,Off,Off,Off,Off,Off,Off,Off,Off,Off,Off,Off,Off,Off,Off,Off,On,Off,Off,Off,Off,Off,Off,Off,Off,Off,Off,Off,Off,Off,Off,Off,Off,Off,Off,Off,Off,Off,On,Off,Off,Off,Off,Off,Off,Off,Off,Off,On,Off,Off,Off,Off,Off,Off,Off,Off,Off,Off,Off,Off,Off,Off,Off,On,Off,Off,Off,Off,Off,Off,Off,Off,Off,Off,Off,Off,Off,Off,Off,Off,Off,Off,Off,Off,Off,Off,Off,Off,On,Off,Off,Off,Off,Off,Off,Off,Off,Off,Off,On,Off,Off,Off,Off,Off,Off,Off,Off,Off,Off,Off,Off,Off,Off,Off,Off,Off,Off,Off,Off,Off,Off,Off,Off,Off,Off,On,Off,Off,Off,Off,Off,Off,Off,Off,Off,Off,Off,Off,Off,Off,Off,Off,Off,Off,Off,Off,Off,Off,Off,Off,Off,Off,Off,Off,Off,On,Off,Off,Off,Off,Off,Off,Off,Off,Off,Off,Off,Off,Off,Off,Off,Off,Off,Off,Off,Off,On,Off,Off,Off,Off,Off,Off,Off,Off,On,Off,Off,Off,Off,Off,Off,Off,Off,Off,Off,Off,Off,Off,Off,Off,Off,On,Off,Off,Off,Off,Off,Off,Off,Off,Off,Off,Off,Off,Off,Off,Off,Off,Off,Off,Off,Off,Off,Off,Off,Off,Off,Off,Off,Off,Off,Off,Off,Off,On,Off,Off,Off,Off,Off,Off,Off,Off,Off,On,Off,Off,Off,Off,Off,Off,Off,Off,Off,Off,Off,Off
P019,Off,Off,Off,Off,Off,Off,Off,Off,Off,Off,Off,Off,Off,Off,Off,Off,On,Off,Off,Off,Off,Off,Off,Off,Off,Off,Off,On,Off,Off,Off,Off,Off,Off,Off,Off,Off,Off,Off,Off,Off,Off,Off,Off,Off,Off,Off,Off,Off,Off,Off,Off,On,Off,Off,Off,Off,Off,Off,Off,Off,Off,Off,On,Off,Off,Off,Off,Off,Off,Off,Off,Off,Off,Off,Off,Off,Off,Off,Off,Off,Off,Off,Off,Off,Off,Off,Off,On,Off,Off,Off,Off,Off,Off,Off,Off,Off,Off,Off,Off,Off,Off,Off,Off,Off,Off,Off,Off,Off,Off,Off,Off,Off,Off,Off,On,Off,Off,Off,Off,Off,Off,Off,Off,Off,Off,Off,Off,Off,Off,Off,On,Off,Off,Off,Off,Off,Off,Off,Off,Off,Off,Off,Off,Off,Off,Off,Off,Off,Off,Off,Off,Off,Off,Off,On,Off,Off,Off,Off,Off,Off,Off,Off,Off,Off,Off,Off,Off,Off,Off,Off,On,Off,Off,Off,Off,Off,Off,Off,Off,Off,Off,Off,Off,Off,Off,Off,Off,Off,Off,Off,Off,Off,Off,On,Off,Off,Off,Off,Off,On,Off,Off,Off,Off,Off,Off,Off,Off,Off,Off,Off,Off,Off,Off,Off,Off,Off,Off,On,Off,Off,Off,Off,Off,Off,Off,Off,Off,Off,Off,Off,Off,Off,Off,Off,Off,Off,Off,Off,Off,Off,Off,Off,Off,On,Off,Off,Off,Off,Off,Off,Off,Off,Off,Off,Off,Off
P020,Off,Off,Off,Off,Off,Off,Off,Off,Off,Off,Off,Off,Off,Off,Off,Off,Off,On,Off,Off,Off,Off,Off,Off,Off,Off,Off,Off,Off,On,Off,Off,Off,Off,Off,Off,Off,Off,Off,Off,Off,Off,Off,Off,Off,Off,On,Off,Off,Off,Off,Off,Off,Off,Off,Off,Off,Off,Off,Off,Off,Off,Off,Off,Off,Off,Off,Off,Off,Off,Off,Off,Off,Off,On,Off,Off,Off,Off,Off,Off,Off,Off,Off,Off,Off,Off,Off,On,Off,Off,Off,Off,Off,Off,Off,Off,Off,Off,Off,Off,Off,Off,On,Off,Off,Off,Off,Off,Off,Off,Off,Off,Off,Off,Off,Off,Off,Off,Off,Off,Off,Off,Off,Off,Off,Off,Off,Off,Off,Off,On,Off,Off,Off,Off,Off,Off,Off,Off,Off,Off,On,Off,Off,Off,Off,Off,Off,Off,Off,Off,Off,Off,Off,Off,Off,Off,Off,Off,Off,Off,Off,Off,Off,Off,Off,Off,Off,On,Off,Off,Off,Off,Off,Off,Off,Off,Off,Off,Off,Off,Off,Off,Off,Off,Off,On,Off,Off,Off,Off,Off,Off,Off,Off,Off,Off,Off,Off,Off,Off,Off,Off,Off,Off,Off,Off,Off,Off,Off,Off,Off,On,Off,Off,Off,Off,Off,Off,Off,Off,On,Off,Off,Off,Off,Off,Off,Off,Off,Off,Off,Off,Off,Off,Off,Off,Off,Off,Off,Off,Off,Off,Off,Off,Off,On,Off,Off,Off,Off,Off,Off,Off,Off,Off,Off,Off,Off
P021,Off,Off,Off,Off,Off,Off,Off,Off,Off,Off,Off,Off,Off,Off,Off,Off,On,Off,Off,Off,Off,Off,Off,Off,Off,Off,Off,Off,Off,Off,Off,Off,Off,Off,Off,On,Off,Off,Off,Off,Off,Off,Off,Off,Off,Off,Off,Off,Off,Off,Off,Off,Off,On,Off,Off,Off,Off,Off,Off,On,Off,Off,Off,Off,Off,Off,Off,Off,Off,Off,Off,Off,Off,Off,Off,Off,Off,Off,Off,Off,Off,Off,Off,Off,Off,Off,Off,On,Off,Off,Off,Off,Off,Off,Off,Off,Off,Off,Off,Off,Off,Off,Off,Off,Off,Off,Off,Off,Off,Off,Off,Off,Off,Off,Off,On,Off,Off,Off,Off,Off,Off,Off,Off,Off,Off,Off,Off,Off,Off,Off,Off,Off,Off,Off,On,Off,Off,Off,Off,Off,Off,Off,Off,Off,Off,Off,Off,Off,Off,Off,Off,Off,Off,On,Off,Off,Off,Off,Off,Off,Off,Off,Off,Off,Off,Off,Off,Off,Off,Off,Off,Off,Off,On,Off,Off,Off,Off,Off,Off,Off,Off,Off,Off,Off,Off,Off,Off,Off,Off,On,Off,Off,Off,Off,Off,Off,Off,Off,Off,On,Off,Off,Off,Off,Off,Off,Off,Off,Off,Off,Off,Off,Off,Off,Off,Off,Off,Off,On,Off,Off,Off,Off,Off,Off,Off,Off,Off,Off,Off,Off,Off,Off,Off,Off,Off,Off,Off,Off,Off,Off,Off,Off,Off,Off,On,Off,Off,Off,Off,Off,Off,Off,Off,Off,Off,Off
P022,Off,Off,Off,Off,Off,Off,Off,Off,Off,Off,Off,Off,Off,Off,Off,Off,On,Off,Off,Off,Off,Off,Off,Off,Off,Off,Off,On,Off,Off,Off,Off,Off,Off,Off,Off,Off,Off,Off,Off,Off,Off,Off,Off,Off,Off,Off,Off,Off,Off,On,Off,Off,Off,Off,Off,Off,Off,Off,Off,Off,Off,Off,On,Off,Off,Off,Off,Off,Off,Off,Off,Off,Off,Off,Off,Off,Off,Off,Off,Off,Off,Off,Off,Off,Off,Off,Off,On,Off,Off,Off,Off,Off,Off,Off,Off,Off,Off,Off,Off,Off,Off,Off,Off,Off,Off,Off,Off,Off,Off,Off,Off,Off,Off,Off,Off,On,Off,Off,Off,Off,Off,Off,Off,Off,Off,Off,Off,Off,Off,Off,On,Off,Off,Off,Off,Off,Off,Off,Off,Off,Off,Off,Off,Off,Off,Off,Off,Off,Off,Off,Off,Off,Off,Off,Off,On,Off,Off,Off,Off,Off,Off,Off,Off,Off,Off,Off,Off,Off,Off,Off,On,Off,Off,Off,Off,Off,Off,Off,Off,Off,Off,Off,Off,Off,Off,Off,Off,Off,Off,Off,Off,Off,Off,On,Off,Off,Off,Off,On,Off,Off,Off,Off,Off,Off,Off,Off,Off,Off,Off,Off,Off,Off,Off,Off,Off,Off,Off,On,Off,Off,Off,Off,Off,Off,Off,Off,Off,Off,Off,Off,Off,Off,Off,Off,Off,Off,Off,Off,Off,Off,Off,Off,Off,Off,On,Off,Off,Off,Off,Off,Off,Off,Off,Off,Off,Off
P023,Off,Off,Off,Off,Off,Off,Off,Off,Off,Off,Off,Off,Off,Off,Off,Off,On,Off,Off,Off,Off,Off,Off,Off,Off,Off,Off,Off,On,Off,Off,Off,Off,Off,Off,Off,Off,Off,Off,Off,Off,Off,Off,Off,Off,Off,Off,Off,Off,Off,Off,Off,On,Off,Off,Off,Off,Off,Off,Off,Off,Off,Off,Off,On,Off,Off,Off,Off,Off,Off,Off,Off,Off,Off,Off,Off,Off,Off,Off,Off,Off,Off,Off,Off,Off,Off,Off,On,Off,Off,Off,Off,Off,Off,Off,Off,Off,Off,Off,Off,Off,Off,Off,Off,Off,Off,Off,Off,Off,Off,Off,Off,Off,Off,Off,On,Off,Off,Off,Off,Off,Off,Off,Off,Off,Off,Off,Off,Off,Off,On,Off,Off,Off,Off,Off,Off,Off,Off,Off,Off,Off,Off,Off,Off,Off,Off,Off,Off,Off,Off,Off,Off,Off,Off,Off,On,Off,Off,Off,Off,Off,Off,Off,Off,Off,Off,Off,Off,Off,Off,Off,Off,Off,On,Off,Off,Off,Off,Off,Off,Off,Off,Off,Off,Off,Off,Off,Off,Off,Off,Off,Off,Off,Off,On,Off,Off,Off,Off,Off,Off,Off,Off,Off,Off,Off,Off,Off,Off,Off,Off,Off,Off,Off,On,Off,Off,Off,Off,On,Off,Off,Off,Off,Off,Off,Off,Off,Off,Off,Off,Off,Off,Off,Off,Off,Off,Off,Off,Off,Off,Off,Off,Off,Off,On,Off,Off,Off,Off,Off,Off,Off,Off,Off,Off,Off,Off
P024,Off,Off,Off,Off,Off,Off,Off,Off,Off,Off,Off,Off,Off,Off,Off,Off,Off,Off,Off,Off,Off,Off,Off,Off,Off,Off,On,Off,Off,Off,Off,Off,Off,Off,Off,Off,Off,Off,Off,Off,Off,Off,Off,Off,Off,Off,Off,Off,Off,Off,Off,Off,On,Off,Off,Off,Off,Off,Off,Off,Off,Off,Off,Off,On,Off,Off,Off,Off,Off,Off,Off,Off,Off,Off,Off,Off,Off,Off,Off,Off,Off,Off,Off,Off,Off,Off,Off,On,Off,Off,Off,Off,Off,Off,Off,Off,Off,Off,Off,Off,Off,Off,Off,Off,Off,Off,Off,Off,Off,Off,Off,Off,Off,Off,Off,On,Off,Off,Off,Off,Off,Off,Off,Off,Off,Off,Off,Off,Off,Off,Off,On,Off,Off,Off,Off,Off,Off,Off,Off,Off,Off,Off,Off,Off,Off,Off,Off,Off,Off,Off,Off,Off,Off,Off,Off,On,Off,Off,Off,Off,Off,Off,Off,Off,Off,Off,Off,Off,Off,Off,On,Off,Off,Off,Off,Off,Off,Off,Off,Off,Off,Off,Off,Off,Off,Off,Off,Off,Off,Off,Off,Off,Off,On,Off,Off,Off,Off,Off,Off,Off,On,Off,Off,Off,Off,Off,Off,Off,Off,Off,Off,Off,Off,Off,Off,Off,Off,Off,On,Off,Off,Off,Off,Off,Off,Off,Off,Off,Off,Off,Off,Off,Off,Off,Off,Off,Off,Off,Off,Off,Off,Off,Off,Off,On,Off,Off,Off,Off,Off,Off,Off,Off,Off,Off,Off,Off
P025,Off,Off,Off,Off,Off,Off,Off,Off,Off,Off,Off,Off,Off,Off,Off,Off,On,Off,Off,Off,Off,Off,Off,Off,Off,Off,Off,Off,On,Off,Off,Off,Off,Off,Off,Off,Off,Off,Off,Off,Off,Off,Off,Off,Off,Off,Off,Off,Off,Off,On,Off,Off,Off,Off,Off,Off,Off,Off,Off,Off,Off,Off,On,Off,Off,Off,Off,Off,Off,Off,Off,Off,Off,Off,Off,Off,Off,Off,Off,Off,Off,Off,Off,Off,Off,Off,Off,On,Off,Off,Off,Off,Off,Off,Off,Off,Off,Off,Off,Off,Off,Off,Off,Off,Off,Off,Off,Off,Off,Off,Off,Off,Off,Off,Off,On,Off,Off,Off,Off,Off,Off,Off,Off,Off,Off,Off,Off,Off,Off,Off,On,Off,Off,Off,Off,Off,Off,Off,Off,Off,On,Off,Off,Off,Off,Off,Off,Off,Off,Off,Off,Off,Off,Off,Off,Off,Off,Off,Off,Off,Off,Off,Off,Off,On,Off,Off,Off,Off,Off,Off,Off,Off,Off,Off,Off,Off,Off,Off,Off,Off,Off,Off,Off,Off,Off,Off,Off,Off,Off,Off,Off,Off,Off,On,Off,Off,Off,Off,Off,Off,On,Off,Off,Off,Off,Off,Off,Off,Off,Off,Off,Off,Off,Off,Off,Off,Off,Off,Off,On,Off,Off,Off,Off,Off,Off,Off,Off,Off,Off,Off,Off,Off,Off,Off,Off,Off,Off,Off,Off,Off,Off,Off,Off,On,Off,Off,Off,Off,Off,Off,Off,Off,Off,Off,Off,Off
P026,Off,Off,Off,Off,Off,Off,Off,Off,Off,Off,Off,Off,Off,Off,Off,Off,Off,Off,Off,Off,Off,Off,Off,Off,Off,On,Off,Off,Off,Off,Off,Off,Off,Off,Off,Off,Off,Off,Off,Off,Off,Off,Off,Off,Off,Off,Off,Off,Off,Off,Off,Off,On,Off,Off,Off,Off,Off,Off,Off,Off,Off,Off,On,Off,Off,Off,Off,Off,Off,Off,Off,Off,Off,Off,Off,Off,Off,Off,Off,Off,Off,Off,Off,Off,Off,Off,Off,On,Off,Off,Off,Off,Off,Off,Off,Off,Off,Off,Off,Off,Off,Off,Off,Off,Off,Off,Off,Off,Off,Off,Off,Off,Off,Off,Off,On,Off,Off,Off,Off,Off,Off,Off,Off,Off,Off,Off,Off,Off,Off,Off,On,Off,Off,Off,Off,Off,Off,Off,Off,Off,Off,Off,Off,Off,Off,Off,Off,Off,Off,Off,Off,Off,Off,Off,Off,On,Off,Off,Off,Off,Off,Off,Off,Off,Off,Off,Off,Off,Off,Off,Off,On,Off,Off,Off,Off,Off,Off,Off,Off,Off,Off,Off,Off,Off,Off,Off,Off,Off,Off,Off,Off,Off,Off,On,Off,Off,Off,Off,Off,On,Off,Off,Off,Off,Off,Off,Off,Off,Off,Off,Off,Off,Off,Off,Off,Off,Off,Off,On,Off,Off,Off,Off,Off,Off,Off,Off,Off,Off,Off,Off,Off,Off,Off,Off,Off,Off,Off,Off,Off,Off,Off,Off,Off,Off,On,Off,Off,Off,Off,Off,Off,Off,Off,Off,Off,Off
P027,Off,Off,Off,Off,Off,Off,Off,Off,Off,Off,Off,Off,Off,Off,Off,Off,Off,Off,On,Off,Off,Off,Off,Off,Off,Off,Off,Off,Off,Off,Off,Off,Off,Off,Off,Off,Off,On,Off,Off,Off,Off,Off,Off,Off,Off,Off,Off,On,Off,Off,Off,Off,Off,Off,Off,Off,Off,Off,Off,Off,Off,Off,On,Off,Off,Off,Off,Off,Off,Off,Off,Off,Off,Off,Off,Off,Off,Off,Off,Off,Off,Off,Off,Off,Off,Off,Off,Off,On,Off,Off,Off,Off,Off,Off,Off,Off,Off,Off,Off,Off,Off,Off,Off,Off,Off,Off,Off,Off,Off,Off,Off,Off,Off,Off,Off,On,Off,Off,Off,Off,Off,Off,Off,Off,Off,Off,Off,Off,Off,Off,Off,Off,Off,Off,On,Off,Off,Off,Off,Off,Off,Off,Off,Off,Off,Off,Off,Off,On,Off,Off,Off,Off,Off,Off,Off,Off,Off,Off,On,Off,Off,Off,Off,Off,Off,Off,Off,Off,Off,Off,Off,Off,Off,Off,Off,Off,Off,Off,Off,On,Off,Off,Off,Off,Off,Off,Off,Off,Off,Off,Off,Off,Off,Off,Off,Off,Off,Off,Off,Off,On,Off,Off,Off,Off,Off,Off,Off,Off,Off,Off,Off,Off,Off,Off,Off,Off,Off,Off,Off,On,Off,Off,Off,Off,Off,Off,Off,Off,Off,Off,Off,Off,Off,Off,Off,Off,Off,Off,Off,Off,Off,Off,Off,Off,Off,Off,Off,On,Off,Off,Off,Off,Off,Off,Off,Off
P028,Off,Off,Off,Off,Off,Off,Off,Off,Off,Off,Off,Off,Off,Off,Off,Off,Off,Off,Off,Off,Off,Off,Off,Off,Off,Off,Off,On,Off,Off,Off,Off,Off,Off,Off,Off,Off,Off,Off,Off,Off,Off,Off,Off,Off,Off,Off,Off,Off,Off,Off,Off,On,Off,Off,Off,Off,Off,Off,Off,Off,Off,Off,Off,On,Off,Off,Off,Off,Off,Off,Off,Off,Off,Off,Off,Off,Off,Off,Off,Off,Off,Off,Off,Off,Off,Off,Off,On,Off,Off,Off,Off,Off,Off,Off,Off,Off,Off,Off,Off,Off,Off,Off,Off,Off,Off,Off,Off,Off,Off,Off,Off,Off,Off,Off,Off,On,Off,Off,Off,Off,Off,Off,Off,Off,Off,Off,Off,Off,On,Off,Off,Off,Off,Off,Off,Off,Off,Off,Off,Off,Off,Off,Off,Off,Off,Off,Off,Off,Off,Off,Off,Off,Off,Off,Off,On,Off,Off,Off,Off,Off,Off,Off,Off,Off,Off,Off,Off,Off,Off,Off,Off,On,Off,Off,Off,Off,Off,Off,Off,Off,Off,Off,Off,Off,Off,Off,Off,Off,Off,Off,Off,Off,Off,On,Off,Off,Off,Off,Off,On,Off,Off,Off,Off,Off,Off,Off,Off,Off,Off,Off,Off,Off,Off,Off,Off,Off,Off,On,Off,Off,Off,Off,Off,Off,Off,Off,Off,Off,Off,Off,Off,Off,Off,Off,Off,Off,Off,Off,Off,Off,Off,Off,Off,On,Off,Off,Off,Off,Off,Off,Off,Off,Off,Off,Off,Off